ID,Nombre_Producto,Categoria,Stock,Precio_Unitario_USD,Valor_Total_USD,Tienda_Origen,Direccion_Tienda,Estatus,URL_Imagen,URL_Tienda
101,Procesador Intel Core i9-14900K 24-Cores,CPU,10,450.0,4500.0,CompuSearch Central,Av. Principal 123 - San Isidro,DISPONIBLE,https://m.media-amazon.com/images/I/61L2r5K2EGL._AC_SL1500_.jpg,https://compusearch.com/productos/101
102,Tarjeta Gráfica RTX 4090 24GB GDDR6X,GPU,3,1599.99,4799.97,CompuSearch Central,Av. Principal 123 - San Isidro,STOCK BAJO,https://m.media-amazon.com/images/I/71R2nN6vBfL._AC_SL1500_.jpg,https://compusearch.com/productos/102
103,Memoria RAM 32GB (2x16GB) DDR5 6000MHz,RAM,25,120.5,3012.5,CompuSearch Norte,Plaza Mayor 456 - Los Olivos,DISPONIBLE,https://m.media-amazon.com/images/I/61K5A-L+2oL._AC_SL1500_.jpg,https://compusearch.com/productos/103
104,Procesador Intel Core i5-12400F 6 Núcleos,CPU,30,183.75,5512.5,pc Factory Perú,Plaza San Miguel / Jockey Plaza,DISPONIBLE,https://m.media-amazon.com/images/I/51rP-4L2P3L._AC_SL1000_.jpg,https://www.pcfactory.com.pe/producto/45231
105,Procesador AMD Ryzen 5 5500 6 Cursos 4.2GHz,CPU,17,108.0,1836.0,pc Factory Perú,Plaza San Miguel / Jockey Plaza,DISPONIBLE,https://m.media-amazon.com/images/I/61vGQNUEsGL._AC_SL1200_.jpg,https://www.pcfactory.com.pe/producto/46112
106,Procesador AMD Ryzen 7 5700G 8 Cursos 4.6GHz,CPU,11,224.25,2466.75,pc Factory Perú,Plaza San Miguel / Jockey Plaza,DISPONIBLE,https://m.media-amazon.com/images/I/51f2A6M47xL._AC_SL1000_.jpg,https://www.pcfactory.com.pe/producto/43009
107,Procesador Intel Core i7-12700 12 Cursos 4.9GHz,CPU,12,405.35,4864.2,pc Factory Perú,Plaza San Miguel / Jockey Plaza,DISPONIBLE,https://m.media-amazon.com/images/I/51B-74V2cDL._AC_SL1000_.jpg,https://www.pcfactory.com.pe/producto/45001
108,Procesador AMD Ryzen 5 7600X AM5 5.3GHz,CPU,6,251.3,1507.8,pc Factory Perú,Plaza San Miguel / Jockey Plaza,DISPONIBLE,https://m.media-amazon.com/images/I/61b17L-7e5L._AC_SL1000_.jpg,https://www.pcfactory.com.pe/producto/47100
109,Tarjeta de Video GeForce RTX 3050 6GB MSI Ventus 2X,GPU,23,270.2,6214.6,pc Factory Perú,Plaza San Miguel / Jockey Plaza,DISPONIBLE,https://m.media-amazon.com/images/I/71a6P6M3C7L._AC_SL1500_.jpg,https://www.pcfactory.com.pe/producto/50123
110,Tarjeta de Video GeForce RTX 5060 8GB MSI Shadow 2X,GPU,8,459.4,3675.2,pc Factory Perú,Plaza San Miguel / Jockey Plaza,DISPONIBLE,https://m.media-amazon.com/images/I/71I3P6+bKML._AC_SL1500_.jpg,https://www.pcfactory.com.pe/producto/51200
111,Tarjeta de Video GeForce RTX 5070 12GB Asus Prime OC,GPU,4,1054.0,4216.0,pc Factory Perú,Plaza San Miguel / Jockey Plaza,STOCK BAJO,https://m.media-amazon.com/images/I/81R4q+nN3AL._AC_SL1500_.jpg,https://www.pcfactory.com.pe/producto/52300
112,Placa MSI MAG X870E GAMING MAX WIFI AM5 DDR5,Motherboard,2,299.0,598.0,Grupo Compu & Visión,Galería Compuplaza - Wilson 1251 #123,STOCK BAJO,https://m.media-amazon.com/images/I/81G3+7d+C3L._AC_SL1500_.jpg,https://compuvision.pe/producto/msi-x870e
113,Tarjeta de Video RTX 5050 8GB Gigabyte Windforce OC,GPU,10,365.0,3650.0,Grupo Compu & Visión,Galería Compuplaza - Wilson 1251 #123,DISPONIBLE,https://m.media-amazon.com/images/I/71k4B7a1wCL._AC_SL1500_.jpg,https://compuvision.pe/producto/rtx-5050-gigabyte
114,Placa Gigabyte B860M K Gen5 LGA 1851 DDR5,Motherboard,5,113.0,565.0,Grupo Compu & Visión,Galería Compuplaza - Wilson 1251 #123,DISPONIBLE,https://m.media-amazon.com/images/I/81+c7B2527L._AC_SL1500_.jpg,https://compuvision.pe/producto/b860m-gigabyte
115,Placa Asus ROG STRIX X870E-E GAMING WIFI7 AM5,Motherboard,1,651.0,651.0,Grupo Compu & Visión,Galería Compuplaza - Wilson 1251 #123,STOCK BAJO,https://m.media-amazon.com/images/I/81c-99C1L2L._AC_SL1500_.jpg,https://compuvision.pe/producto/rog-x870e
116,Memoria RAM 32GB (2x16GB) Corsair Vengeance DDR5 6000MHz,RAM,8,135.0,1080.0,Grupo Compu & Visión,Galería Compuplaza - Wilson 1251 #123,DISPONIBLE,https://m.media-amazon.com/images/I/61K5A-L+2oL._AC_SL1500_.jpg,https://compuvision.pe/producto/corsair-32gb-ddr5
117,Disco Sólido SSD 2TB Huadisk M.2 NVMe PCIe 4.0,Almacenamiento,1,330.0,330.0,Grupo Compu & Visión,Galería Compuplaza - Wilson 1251 #123,STOCK BAJO,https://m.media-amazon.com/images/I/61G+d2R4bTL._AC_SL1000_.jpg,https://compuvision.pe/producto/huadisk-2tb-nvme
118,Disco Sólido SSD 1TB Samsung 990 Pro M.2 NVMe 2.0,Almacenamiento,4,150.0,600.0,Grupo Compu & Visión,Galería Compuplaza - Wilson 1251 #123,DISPONIBLE,https://m.media-amazon.com/images/I/71oX6Z1T8BL._AC_SL1500_.jpg,https://compuvision.pe/producto/samsung-990-pro-1tb
119,Case Antec VCX100M 450W Micro-ATX 5 Fans RGB,Case,1,55.0,55.0,SB Data,"Wilson 1236, Tienda 324 - Lima",STOCK BAJO,https://m.media-amazon.com/images/I/71K2g7P2xTL._AC_SL1500_.jpg,https://sbdata.com.pe/producto/case-antec-450w
120,Case Antryx Elegant 630 350W ATX Mid Tower,Case,7,41.5,290.5,SB Data,"Wilson 1236, Tienda 324 - Lima",DISPONIBLE,https://m.media-amazon.com/images/I/61dG7b2S8ML._AC_SL1000_.jpg,https://sbdata.com.pe/producto/case-antryx-elegant
121,Cooler CPU Thermalright Peerless Assassin 120 SE Dual Tower,Enfriamiento,2,106.73,213.46,SB Data,"Wilson 1236, Tienda 324 - Lima",STOCK BAJO,https://m.media-amazon.com/images/I/71R2c8k1a2L._AC_SL1500_.jpg,https://sbdata.com.pe/producto/thermalright-pa120
122,Mainboard Gigabyte B760M E DDR5 LGA 1700 mATX,Motherboard,4,107.1,428.4,SB Data,"Wilson 1236, Tienda 324 - Lima",DISPONIBLE,https://m.media-amazon.com/images/I/81+c7B2527L._AC_SL1500_.jpg,https://sbdata.com.pe/producto/gigabyte-b760m
123,Mainboard Gigabyte H810M K DDR5 LGA 1851 Intel Core Ultra,Motherboard,4,95.03,380.12,SB Data,"Wilson 1236, Tienda 324 - Lima",DISPONIBLE,https://m.media-amazon.com/images/I/81+c7B2527L._AC_SL1500_.jpg,https://sbdata.com.pe/producto/gigabyte-h810m
124,Memoria RAM 16GB DDR4 Hiksemi Armor Black 3200MHz,RAM,5,139.0,695.0,SB Data,"Wilson 1236, Tienda 324 - Lima",DISPONIBLE,https://m.media-amazon.com/images/I/61fK9+3Zc2L._AC_SL1000_.jpg,https://sbdata.com.pe/producto/hiksemi-16gb-ddr4
125,Mainboard MSI A520M-A PRO Socket AM4 DDR4,Motherboard,15,53.75,806.25,Infotec Perú,Lima - Grupo Infotec,DISPONIBLE,https://m.media-amazon.com/images/I/81b2K2+d8AL._AC_SL1500_.jpg,https://infotec.com.pe/producto/msi-a520m-a-pro
126,Mainboard ASUS PRIME A520M-K AMD Ryzen AM4,Motherboard,12,56.5,678.0,Infotec Perú,Lima - Grupo Infotec,DISPONIBLE,https://m.media-amazon.com/images/I/81x-9L2C9GL._AC_SL1500_.jpg,https://infotec.com.pe/producto/asus-prime-a520m-k
127,Mouse Logitech G203 Lightsync Optical 8000 DPI RGB,Periféricos,20,24.0,480.0,Rayotec,RUC 20608329839 - Grupo M&V,DISPONIBLE,https://m.media-amazon.com/images/I/61UxfXTUyvL._AC_SL1500_.jpg,https://rayotec.pe/producto/mouse-logitech-g203
128,Fuente de Poder Gigabyte 850W 80+ Gold (GP-UD850GM),Fuentes,8,110.8,886.4,Rayotec,RUC 20608329839 - Grupo M&V,DISPONIBLE,https://m.media-amazon.com/images/I/71f-51v5C2L._AC_SL1500_.jpg,https://rayotec.pe/producto/fuente-gigabyte-850w
